"connector","collection","collection_description","card","card_description","card_id","data_name","dataset_id"
"Foursquare QuickStart (2)","Activity Details: What demographic visits your venue?","","Popular Venue Hours","POPULAR VENUE HOURS
Shows the total number of check-ins received, broken down by hour. Identify what hours are most popular and consider holding promotional offers during these times to increase traffic.","1033689621","Hour Class","056e9e72-d6fd-49c2-bfc5-7356dc9531e7"
"Foursquare QuickStart (2)","Executive Pulse: Activity at a glance","","Friends","FRIENDS
Shows a list of all your friends. Strive to keep short pending times on friend requests to show people you value their business.","821868033","Friends","178ce33a-76aa-4dc8-bca1-84e79621f695"
"Foursquare QuickStart (2)","Executive Pulse: Activity at a glance","","Gender Breakdown","GENDER BREAKDOWN
Shows the rate at which males visit or check-in at your venue. Make efforts to balance the male to female ratio to increase overall traffic to your venue.","349845372","Gender Class","a71b46ee-58a8-44c6-949b-e6b61d9659dc"
"Foursquare QuickStart (2)","Executive Pulse: Activity at a glance","","Recent Visitors","RECENT VISITORS
Shows the people who have visited your venue most recently and notified that they have done so via Foursquare. Reach out to these people to show appreciation. ","935965013","Recent Visitors","99bdd1a7-d5f3-4757-82bf-e764ed616894"
"Foursquare QuickStart (2)","Activity Details: What demographic visits your venue?","","Gender Ratio","GENDER RATIO
Shows the gender breakdown of all visitors to your venue. Change venue strategies to evenly distribute male and female visitors as necessary.","2040070502","Gender Class","a71b46ee-58a8-44c6-949b-e6b61d9659dc"
"Foursquare QuickStart (2)","Activity Details: What demographic visits your venue?","","Age Breakdown","AGE BREAKDOWN
Shows the age breakdown of all visitors to your venue. Target marketing to those age groups that will best enhance your venue's brand.","594120587","Age Class","f6eb3820-ffa1-4a42-b448-0792e6600ee0"
"Foursquare QuickStart (2)","Activity Details: What demographic visits your venue?","","Top Visitors by Tips","TOP VISITORS BY TIPS
Shows how many tips your top visitors have given your venue. Reach out to top visitors and show appreciation for promoting your venue. ","658769207","Top Visitors","c6300408-ac37-406e-be44-80327b4ff182"
"Foursquare QuickStart (2)","Activity Details: What demographic visits your venue?","","Social Share Breakdown","SOCIAL SHARE BREAKDOWN
Shows the social platforms through which people are sharing venue visits. Promote your venue on the most popular social sites to improve exposure. ","1627713203","Public Share Count","d63897a6-6fe4-4b4e-a085-c8767384142e"
"Foursquare QuickStart (2)","Executive Pulse: Activity at a glance","","Top Visitors","TOP VISITORS
Shows the people who have visited your venue the most. Reach out to top visitors to show appreciation and strengthen relationships.","972447109","Top Visitors","c6300408-ac37-406e-be44-80327b4ff182"