"connector","collection","collection_description","card","card_description","card_id","data_name","dataset_id"
"Klout QuickStart (1)","Social Influencers: Who is impacting my brand the most?","","Topics","TOPICS
Shows the topics that are associated with your Twitter handle and/or your competitor handles. Tailor content to help boost positive brand association with these topics. ","416154616","Topics","f4a226b3-2dd8-41ea-bd5e-eb3eb000ef31"
"Klout QuickStart (1)","Executive Pulse: How influential am I on social media versus competitors?","","Klout Score Trend","KLOUT SCORE TREND
Shows the positive and negative changes in Klout scores over time for the Twitter handles shown. Identify the reasons for spikes in your Klout score trend to find ways to become more popular on social media. ","1932328897","User","9a575006-d3c2-488b-bfc4-1e729fd0a7d8"
"Klout QuickStart (1)","Executive Pulse: How influential am I on social media versus competitors?","","Klout Score","KLOUT SCORE
Displays the current Klout scores for the various Twitter handles representing social influence on a scale between 1-100. Make strategic social changes, if necessary, to boost your Klout score.","1621387986","User","9a575006-d3c2-488b-bfc4-1e729fd0a7d8"
"Klout QuickStart (1)","Social Influencers: Who is impacting my brand the most?","","Top Improved Influencers","TOP IMPROVED INFLUENCERS
Displays the top influencers who have had the largest Klout score fluctuations on a monthly basis. Identify the reasons for influencer score changes and nourish strategic relationships.","1354360868","Influence","1ba93a5b-4633-4f35-bb51-d5ab7c993d4f"
"Klout QuickStart (1)","Social Influencers: Who is impacting my brand the most?","","Top Influencer Scores","TOP INFLUENCER SCORES
Shows the persons or companies that have had the strongest social impact for you and/or your competitors during the period. Show appreciation to your top influencers and nourish relationships. ","604783790","Influence","1ba93a5b-4633-4f35-bb51-d5ab7c993d4f"
"Klout QuickStart (1)","Social Influencers: Who is impacting my brand the most?","","Top Influencees","TOP INFLUENCEES
Shows the persons or companies that are being influenced the most by the Twitter handle(s). Reach out to influencers to nourish relationships as needed.","1413851887","Influence","1ba93a5b-4633-4f35-bb51-d5ab7c993d4f"
"Klout QuickStart (1)","Executive Pulse: How influential am I on social media versus competitors?","","Average Score Changes","AVERAGE SCORE CHANGES
Shows the average score changes on a daily, weekly and monthly basis for the Twitter handles shown. Scores will increase as content becomes more engaging and as you acquire more followers.","1893258906","User","9a575006-d3c2-488b-bfc4-1e729fd0a7d8"
"Klout QuickStart (1)","Executive Pulse: How influential am I on social media versus competitors?","","Top Influencers","TOP INFLUENCERS
Shows the persons or companies that have the strongest social impact on the different Twitter handles. Reach out to influencers to nourish relationships as needed. ","384276677","Influence","1ba93a5b-4633-4f35-bb51-d5ab7c993d4f"
"Klout QuickStart (1)","Social Influencers: Who is impacting my brand the most?","","Top Influencer Score Changes","TOP INFLUENCER SCORE CHANGES
Displays the daily, weekly and monthly Klout score fluctuations for the top influencers. Reach out to influential individuals and nourish relationships, as needed.","818062367","Influence","1ba93a5b-4633-4f35-bb51-d5ab7c993d4f"